,0,1,2,3
0,GACUACAAAUCCGUGACCACCUGGGCGUGUCUUGUAAUGACAUAACCCCUAGCAAACAAAGUUGGUGUGGUCAGCG,...........(((((((((..(((.(((((.......)))))..)))(((((.......))))).))))))).)),0.022222222222222223,-20.899999618530273
1,GUUGGAUACCGGGUGACCAUCUUCGCUUUGUUUGUAAUACGAAUACCCUGGGCAAACAAAGCUCGGUUUAGUACCG,...((((...((....))))))..(((((((((((................))))))))))).((((.....)))),0.01818181818181818,-18.299999237060547
2,CGAAGGCAACAGUUGACCACCGCUGCAUGAUUUCUACCGUUAUAACGCCUUCUGAACAAAGGAAGGCCUUCGAACU,(((((((..((((........))))............(((....))).(((((.......))))))))))))....,0.047619047619047616,-17.5
3,UUUUGAAAAAUUUUGUCCGUCGGAUCAGGUAUUGUAAUUAUUUAACCCGUCAUAAACAAAAUGAUUUCGGAGACCC,((((((((.(((((((..(.(((...(((((.......)))))...))).)....)))))))..))))))))....,0.02040816326530612,-12.5
4,UUGUCCGAAUUACUGACCCCCGUAGCGUUUGUUGUAAUUGAAUAACCCGUAGGAAACAAAUCUGCCGGGUAGAGCG,............((...(((.((((.(((((((.....((.......)).....))))))))))).)))...))..,0.0136986301369863,-13.899999618530273
5,GGGUGCAAAGGGUUGACCACCACUUCAAGGGUUGUACCUUUUUAACCCAGCUAGAACAAAUGGCUUGUGCUUAACC,((((..((((((((((((.(........)))))).)))))))..))))(((((.......)))))...........,0.01694915254237288,-21.100000381469727
6,GUCUCCUAAGUGGUGACCACCCUAUCCUAUAUUGUAACUAUGGAACCCACGAAAAACAAAUUUGUAGGGGGUAACC,(((.((.....)).))).((((...((((((((((.....(((...)))......))))...))))))))))....,0.014084507042253521,-16.600000381469727
7,GUGGGACAACGCUUGACAACCAGCGCUAGAGUUCUACCCUCUGAACACUUGCAGAGCAAAUGCGGGUUCUGUAUCG,(((((((..((((........)))).....)))))))............((((((((........))))))))...,0.0196078431372549,-19.100000381469727
8,GUUGCAUAACUUGUGACCACCCAAGCAGAGGUUGUAACUCUUUAACCCAUAGUAAACAAAGCUGUAUGCGGCAACC,(((((((..((((........))))....(((((........))))).(((((.......))))))))))))....,0.1111111111111111,-14.699999809265137
9,UCCUUUCAACUUAUGACCACCUAGGCGGUGGUUGUAAUUUAUUAACCCUCCGCAAACAAAGUGGGGAGGGGGAGCG,(((.......(((((((((((.....)))))))))))........((((((.((.......)).)))))))))...,0.02127659574468085,-28.700000762939453
10,UCUUUCCAAGCCGUGACCACCCGGUCUGUGCUUGUAAUGUAUGAGCCCAUGAAAAACAAAUUUAUGGAGGGGAGCG,.((((((.......((((....))))...(((((((...)))))))(((((((.......))))))).))))))..,0.02857142857142857,-19.600000381469727
11,GGACCGCAAGUCUUGACCAUCGGAUCGGUUUUUGUAAUGGAUUACCCCCGACGAAACAAAUGUUGGUGGUCCAUCG,(((((((.....(((....((((...(((..((......))..))).)))).....)))......)))))))....,0.02564102564102564,-20.5
12,GAUCGGUAACCUGUGACCACCCAGGCAUGUUUUGUAACGGCAUCACCGGGUGGAAACAAAUUGUCGUCGAUCAACC,(((((((((..(((..((((((.((.(((((.......)))))..))))))))..)))..)))...))))))....,0.017543859649122806,-23.399999618530273
13,UUUCGCGAAUCUGUGACCACCCGGGCCCUUUUUGUACCAAAGGAACCCCCCAUGAACAAAAUGGGUGUGAAGAACC,..(((((....))))).....((.((((.((((((..((..((.....))..)).)))))).)))).)).......,0.014492753623188406,-18.0
14,CGCUUACAACACGUGACCACCUGUGCGGUGCUUGUAACGUAUCAACCCUAAUGAAACAAACGUUGGUGGGCGAACC,(((((((...((((.((((((.....))))...)).))))..((((...............)))))))))))....,0.023255813953488372,-15.899999618530273
15,UGUAUCGAAUGAGUGACCACCUUUACUUGCUUUGUAAGGGUGGAACCCUAUGCAAACAGAGUAUACGGUAUAACCC,................((((((((((.......)))))))))).(((.(((((.......))))).))).......,0.0196078431372549,-21.399999618530273
16,CUUUUUUAAUUCGUGACCACCCGAGCUUUUUUUGUAAUAGGAAAACCCGCCGUAAACAAAGCGGUAGGGGAGAGCG,...........(((..(..(((..(((((.((((.....((.....))....)))).)))))....)))..).))),0.0136986301369863,-14.5
17,UGAGGGAAACGGGUGACCAUCUUUGCACGGGUUGUAAUCCCGUUACCCGUUGAAAACAAAUUAGUUUCCUCAACCG,(((((((((((((((((.....(((((.....)))))....)))))))))..............))))))))....,0.0196078431372549,-23.399999618530273
18,CUAAUCAAAUUGUUGACCACCGUAACGACAGUUGUAAUUUGUCAACCCGUAGAAAACAAAUCUGCUGAUUGGAGCG,(((((((....((((((.....((((....))))......))))))..(((((.......))))))))))))....,0.03225806451612903,-15.800000190734863
19,GUAUGGAAAGUACUGACCACCGUACCUUCACUUGUAAUGUGGAAACCCGUGGUAAACAAAGUUGUUUCGUGCAGCG,((((((((.......(((((.((...(((((.......))))).))..)))))...........))))))))....,0.02702702702702703,-15.600000381469727
20,CGGUCACAAAGUUCGACCACCGACUCGAGGGUUCUAACUCCUUAACCCGUUGCAAAUAAAGUAAUGUGGCUGCGCG,(((((((.....((((........))))(((((..........)))))(((((.......))))))))))))....,0.07692307692307693,-16.600000381469727
21,GUUUAUGAAUCUCUGACCACCGGGGCUUUGGUUGUAACUCGGAAACCCAUUUUAAACAAAGGGGUCGUGGGCAACC,((((((((.(((((........(((.(((.(........).))).)))...........)))))))))))))....,0.023255813953488372,-17.399999618530273
22,GCGAACGAAGACCUGACCACCGGUCCCGCAUUACUACCGUGCGAACCCUCCUCGAACAAAGGGGGCGUUUGCAUCG,(((((((..((((........)))).(((((.......)))))...((((((.......)))))))))))))....,0.2,-25.799999237060547
23,AAGUGGCAAGUUAUGACCAUCUGAUCGUGUUUUGUAAUAACGUAACCCGUGGAAAACAAAUCCGCGUCGCUUACCG,((((((((((.(((((.(....).))))).)))))............((((((.......)))))).)))))....,0.02857142857142857,-15.699999809265137
24,UUCCACGAACUUUUGAGCUCCGGGGCCGCUCUUUCAACGGGUGAACCCGCUUCAAACAAAGGGGCCGUGGGGAACC,(((((((..((((((((...((((..(((((.......)))))..)))).)))))).....))..)))))))....,0.02040816326530612,-26.799999237060547
25,GUACUAUAAUGAGUGACCACCUUUGCAGGCGUACUACCUGCCUAACCCUUUCGGAACAAAUGGAAAUGGUGCAUCG,(((((((.................(((((.......))))).....((....))...........)))))))....,0.02857142857142857,-12.899999618530273
26,UUCCUUCAAGUCGUGACCACCCGGUCGACUUUUGUAAUAAGUCAACCCUGCAGAAACAAAUUGCGGGAGGGGAGCG,(((((((.......((((....))))(((((.......)))))....((((((.......)))))))))))))...,0.06666666666666667,-21.399999618530273
27,UAAGCCGAAUUCUUGACCAUCGGAGCAUACAUUGUAAUUGUGUAACCCGUUGAAAACAAAUUGACUGGCUUGACCG,(((((((((((......((.(((...(((((.......)))))...))).))......))))...)))))))....,0.02564102564102564,-13.899999618530273
28,CCUAACUAACUUGUGACCAUCCAAGCCUAUGUUGUAAUUAUGGAACCUGUGCCAAACAAAGGCGUGGUUGGGACCG,................(((.(((.((((.((((.......(((........))))))).)))).))).))).....,0.0136986301369863,-18.100000381469727
29,GGGCGCGAACAGUUGACCACCGCUGCCUAGCUUGUAAUGUUAGAACCCGUAGGAAACAAAUCUGUCGCGUUUAGCG,((((((((.((((((.((..((....(((((.......)))))....))..))...)))..)))))))))))....,0.022222222222222223,-19.200000762939453
30,GAUAUGGAAAGUCUGACCACCGGUUCUUCUGUUGUAAUUAGAAAACCCAUAGUAAACAAAAUUGUCUGUGUCAGGG,((((((((.(((.((((....((((.(((((.......)))))))))....))...))..))).))))))))....,0.02040816326530612,-11.699999809265137
31,UUACGAAAAUCUCUGACCACCGAGGCCAGGAUUGUACCUUUUGAACCCAGAGUGAACAAAGCUCUUUUGUGGAACC,................((((.((((..((..((((.(.(((((....))))).).))))..)))))).))))....,0.014492753623188406,-13.100000381469727
32,UGACUUGAAGAAGUGACCACCCUUUCGGCGCUUGUACCGUGCCAACCCUGUCUGAACAAAGGAUGUAGGUCGAAUC,..((((....))))((((((((((..(((((.......))))).....(((....)))))))..)).)))).....,0.02040816326530612,-15.699999809265137
33,AUCUGUGAAGCCGUGACCACCCGGUCGAAAUUUGUAACGUUUCAACCCCUUGAAAACAAAUCAGGUAUGGAUAACC,((((((...(((.(((((....)))))..((((((....((((((....))))))))))))..)))))))))....,0.02127659574468085,-13.399999618530273
34,GAUGUGGUACUAGUGACAAUCCUGGCAUUUUUUCUAAGGAGAUAACCCGUAGCAUACAAAGCUGUCCGUAUUAACC,..((((.(((..((.....((((.............))))....))..))).))))....................,0.01639344262295082,-10.600000381469727
35,GCUCGGCAAUGACUGUCCAUCGUCGCUAGCUUUGUAAUGGUUGAACCUUUCCCAAACAAAGGGGGGCCGGGCACCG,(((((((...(((........)))..(((((.......))))).....(((((.......))))))))))))....,0.2,-21.700000762939453
36,AUCACGGAACAGUUGACCACCAUUGCGUGUAUACUACCUGUAUAACCCUUCAGGAACAAACUGGGCUGUGGUAUCG,(((((((..(((((.....((........(((((.....)))))........))....)))))..)))))))....,0.024390243902439025,-20.100000381469727
37,GGUAGCUAAGCUGUGACCAUCCAGUCUGUCAUUGUAAUUGGUGAACCCAAGGUAAACAAAGCUUUGGUUGUCACCG,(((.((......)).))).....................(((((..(((((((.......)))))))...))))).,0.017543859649122806,-18.700000762939453
38,GGUUGGUAACCUUUGACCACCAGGGCCUUUAUUGUAACUGGAGAACCCCUAGCAAACAAAGCUGGAUUGGCCAACC,(((((((...............(((.(((((.......)))))..)))(((((.......)))))....))))))),0.03225806451612903,-18.399999618530273
39,UGGCGCUAAAGUUUGACCACCGGCUCUAUCGUUGUAACUGAUAAACCCAAGGGAAACAAACUCUUAGUGCUAAACC,(((((((((((((((.((...((...(((((.......)))))...))...))...)))))).)))))))))....,0.02040816326530612,-21.200000762939453
40,UGGAGUGAACCUGUGACCACCCAGGCGUGCCUUGUAACGGCAUAACCCCGGGCAAACAAAGCCCGUAUUUUAAACC,(((.(((..........))))))((.(((((.......)))))..)).(((((.......)))))...........,0.02702702702702703,-20.299999237060547
41,GAAUUUUAACCGAUGACCACCUCGGCUCUACUUGUAAUGUGGGAACCCCGGCGAUACAAAUGUUGGAAGUUUAGCG,.........((((........))))......(((((.(((.((....)).))).)))))..(((((....))))).,0.02127659574468085,-14.600000381469727
42,UGCUAGGAAGCGUUGACCACCGCGCCUAUUAUUGUACCUAGUGAACCCCCGUAGAACAAAUGCGGUCUAGCGAACC,(((((((..((((........))))...((((((....))))))....(((((.......))))))))))))....,0.1111111111111111,-16.299999237060547
43,CGGGGUGAAAUUCUGAGCACCGGAUCGCUGUUUUCAACAUAGUAACCCUUCGCAAACAAAGUGGGCAUCCCGAACC,(((((((....((((.....))))..(((((.......)))))..(((..............))))))))))....,0.047619047619047616,-17.0
44,GUUAUUAUAGUAUUGCCAAUCGUAUCCACUCAUCUAACGGGUGAACCCUUUUUAUACAAAAGAGGUGAUGGUAAAC,............((((((.(((....(((((.......)))))...(((((((.....))))))))))))))))..,0.023255813953488372,-14.5
45,GUCACCUAAUUCGUGACCACCUGGACCACAGUUGUAACUUGUGAACCCAUGUGAAACAAACGUAUGGGUGGCAACC,((((((((...(((...(((.(((..((((((....)).))))...))).)))......)))..))))))))....,0.02127659574468085,-21.5
46,UUUUGAAAAUUCAUGACCACCUGAACGACGGUUGUAAUUUGUUAACCCAUAGGAAACAAAUUUGUUUUGGAGAGCG,((((.(((((..((((((..(.....)..))))))((((((((..((....)).)))))))).))))).))))...,0.02127659574468085,-9.800000190734863
47,UGGCCCUAAGGGGUGACCACCUUCCCUUUACUUGUAAUGUGGAAACCCCCCUGAAACAAACGGGGAGGGCUGAGCG,.((((((...((((..((((.((.(........).)).))))..))))(((((.......))))))))))).....,0.02564102564102564,-25.299999237060547
48,GGCUUUAAAGUGCUGACCAACGCGUCUGGGGUUGUAAUUCUUGAACCCACUGCAAACAAAGUAGUUAGGGUUAGCG,...........(((((((..........(((((..........)))))(((((.......)))))...))))))).,0.02857142857142857,-19.100000381469727
49,UUACGAUAAAGCUUGACCACCGGUUCCGAAUUUGUAGCAUUUGAACCCGUGGGAAACAAACUCGCAUCGUAGAACC,(((((((...((((..((((.(((((.((((.......))))))))).))))..)).......)))))))))....,0.0196078431372549,-17.600000381469727
50,UGGCUGGAAGUGUUGAACACCGUAUCGCUUGUUGUACCUAGGCAACCCAUCAUGAACAAAAUGAUUUGGCCGAACC,((((((((((((.............)))))(((((......)))))..(((((.......))))))))))))....,0.06666666666666667,-13.899999618530273
51,AUUAUGGUAUGGUUGACCACCGUCGCGUUUUUUGUAAUGGAGUAACCUUCCGGAAACAAAUUGGAUCAUAGUAGCG,((((((((..(((((....((((.(((.....))).))))..)))))..((((.......))))))))))))....,0.02702702702702703,-13.0
52,CUGGGGCAAUUCGUGUCCACCUGGGCUGUGCUUGUAAUGUAUGAACCCUGGGGACACAAAUUCUGGUCUCAGAGCG,(((((((((((.((((((.((.(((.(((((.......)))))..))).)))))))).))))...)))))))....,0.01639344262295082,-29.799999237060547
53,GCUCUUAAACUGGUGACCAACUCAGCUCGUGUUCUACCUACGGAACCCUGGGCCCACAAAGUUUGUGAGGGCAACG,(((((((((((.(((.....(((((...(.(((((......)))))))))))..)))..))))..)))))))....,0.018867924528301886,-19.600000381469727
54,GUGGUAUAACUCGUGACCACCCGGGCGGCCGUACUACCUGGCUAACCCCAUAUGAACAAAGUGUGGUGUUGCAUCG,(((((..........)))))(((((.((.....)).))))).((((.((((((.......)))))).)))).....,0.024390243902439025,-19.5
55,ACGGUUUAAGGUCUGACCACCGGCCCACAAGUUCUGCCCUUGUAACCCGUGUUCCACAAAGGUGUGGGCUGUAACG,..((((........))))..((((((((.......(((.(((((((....)))..)))).))))))))))).....,0.01694915254237288,-21.700000762939453
56,GUUGGUGAAGAGAUGACCUCCUUUCCCCGAUUUGUAACGUCGGAACCCCCCAAAAACCAAUUGGGUGCUGAUGACC,(((((.((((((.....)))..))).)))))......((((((.((((..............)))).))))))...,0.014492753623188406,-18.0
57,UGUCUGGAAAUGGUGACCACCUCGUCGUGCUUUCUAAAGGUGUAACCCUCUUGAGACAAACGGGACCGGAUGAGCG,.((((((...(((...))).(((((..((.((((...(((......)))...)))))).))))).)))))).....,0.017543859649122806,-15.199999809265137
58,CUCGAGGAAGGACUGACCACCGUUCCGCAUGUACUACCCAUGUAACCCCUGUCGAACAAAGAUGGCCUCGGGAUCG,(((((((..(((.((.....)).)))(((((.......))))).....(((((.......))))))))))))....,0.1111111111111111,-18.600000381469727
59,UGGCCGUAAUGAUUGACCACCAUCACUUUUUUUGUAACAAGAGAACCCUGCGCAAACAAAGCGCGGUGGCUGAACC,.(((((...((((........)))).((((((((...))))))))..((((((.......))))))))))).....,0.043478260869565216,-16.899999618530273
60,UAGCGAUAAAUGCUGACCACCGUGUCGGUUGUUGUACCUGAUUAACCCUUGUUGAACAAAAGUGGAUUGCUAAACC,(((((((..((((((((......)))))).........((.(((((....))))).))...))..)))))))....,0.02702702702702703,-12.899999618530273
61,CAGUCUGAAUAGUUGACCACCACUACGGCCCUUGUAAUGGGUUAACCCGUAGCAAACAAAGCUGCCGGGUUGAGCG,..(((.........)))..(((.((((.....)))).))).((((((((((((.......)))).))))))))...,0.02127659574468085,-21.5
62,UCUGUAUAAUGAUUGUCCAUCGUUGCGUAGCUUGUAAUGCUGUAACCCUGGAUAAACAAAAUUUGAUACGGGACCC,(((((((..((.(((((((..(((((..(((.......))))))))..))))))).)).......)))))))....,0.018867924528301886,-18.799999237060547
63,GAUUUAUAACGCUUGACCAUCAGUGCGUGCCUUGUAAUGGUACUACCCCGAGUAAACAAAGUUCGAUAGAUUACCG,(((((((...((((.....((.(((.(((((.......))))))))...)).......))))...)))))))....,0.02564102564102564,-13.199999809265137
64,UGGGGCAAAAGAGUGACCAACUUCUCGGCGGUUCUACCUUGUUAACCCUAUUUCCACAAAGAGUGUGUUCUAAACG,(((((...(((.((((((..(.....)..))))..))))).....)))))....((((.....)))).........,0.01639344262295082,-11.899999618530273
65,CUAAGUGAACCGUUGACCACCGUGGCGGUCCUUGUAAUGGGCUAACCCGGGAGAAACAAAUUUUCUAUUUGGAGCG,(((((((((...(((.(..(((.((.(((((.......)))))..)))))..)...)))...))).))))))....,0.02127659574468085,-18.5
66,GAUUCCGAAGGUCUGACCACCGGCCCGUCUUUUGUAAUGGGAUAACCCAGGGGAAACAAAUCUUUCGGAGUUAGCG,(((((((((((..((.((.(((((((((........))))).....)).))))...))...)))))))))))....,0.0196078431372549,-22.5
67,GGUUAUUAAAAAGUGACCACCCUUUCUCAUCUUGUACCGGUGAAACCCGCCUUGAACAAAGAGGUAGUGACCAACC,(((((((....)))))))...((.((((...((((...((((.....))))....)))).)))).)).........,0.014084507042253521,-15.699999809265137
68,GGACGUGAACAGUUGACCACCAUUGCUGGGGUUGUAACUCUCGAACCCCAGUGAAACAAAUGUUGUAUGUCCAACC,(((((((((((.(((.......(((((((((((..........)))))))))))..))).)))).)))))))....,0.01694915254237288,-26.799999237060547
69,ACGUUCAAAUAUCUGACCAACGAUGCUGUUUUUCUACCGAGUGAACCCGGCCCCCACAAAGGGUUUGAGCGUAACG,(((((((((.(((........)))((((...(((........)))..)))).(((.....))))))))))))....,0.034482758620689655,-16.0
70,CGCCGUGAACAGGUGACCACCUCUGCAGCUUUUGUAACAGGUUAACCCGCUAGAAACAAACUAGUCACGGCGAACC,(((((((....(((....((((.((((.....))))..))))..))).(((((.......))))))))))))....,0.034482758620689655,-22.200000762939453
71,GUUGGAUAAUCUGUGACCACCCAGGCGAUUGUUGUAACCAAUCAACCCAUCCUAAACAAAGGGGUGUCCGAUAACC,((((((...((((........)))).(((((.......)))))....((((((.......))))))))))))....,0.14285714285714285,-14.600000381469727
72,UGGACCGAAAUGGUGACCACCCCGUCCGGCGUUGUACCUGUCGAACCCACUUAGAACAAAUAGGUUGGUCCAAACC,(((((((..((((........)))).(((((.......))))).....(((((.......))))))))))))....,1.0,-16.700000762939453
73,UGGGAGAAACCUCUGACCACCGGGGCUAUAGUUGUAACCUAUAAACCCCGAUUAAACAAAAAUCGUCUCCUGAACC,.((((((.............(((((.(((((.......)))))..)))))...............)))))).....,0.024390243902439025,-18.0
74,GGCUGAGAAGGCAUGACCACCUGCUCAUGAGUUGUAACCUUGUAACCCUUUUGAAACAAACAGGGUUUAGUCAACC,((((((.((((.(((((((........)).)))))..))))...(((((((((...)))).)))))))))))....,0.022222222222222223,-15.5
75,GUUAGUGAACGGGUGACCACCCUUGCAAUGGUUGUAACUCAUUAACCGAGAAAAAACAAAUUUUUUAUUAGCAACC,(((((((((.((((....)))).......(((((........)))))................)))))))))....,0.03225806451612903,-14.199999809265137
76,UAUUACGAAAGUUUGACCACCAAUUCGGCGUUUGUAAUAUGCUAACCUUGUGGAAACAAAUUGCGUGUGGUGAGCG,(((((((..((((((.((((......(((((.......)))))......))))...))))))...)))))))....,0.024390243902439025,-15.899999618530273
77,GAGGUGGAAUAGGUGACCACCCUUACAUACUUUGUAAUGGUAUAACCCGGAUUAAACAAAAAUUCCCGUUUCAACG,(((((((....(((....(((.(((((.....))))).)))...))).(((((.......))))))))))))....,0.04,-13.600000381469727
78,GGGCGCAAAGUUGUGACCGCCCGAUCGUUAGUUGUACCUUGGCAACCCCCAGGGAACAAACCUGGUGUGCUUAACC,(((((((......))..)))))(..((((((((((.((((((......)))))).))))..))))))..)......,0.015384615384615385,-21.700000762939453
79,UCUCGUUAAGGACUGACCAGCGUCUAUUUGAUUCUCCCUUGAAAAGCCGCUCUGAACAAAAGGGUGGCGGGAAUCG,.........((((........))))....(((((((.........((((((((.......))))))))))))))).,0.01818181818181818,-22.0
80,UCUAACGAAACCGUGACCACCUGGUCCGUGAUUCUACCUUAUGAACCCAAAUAGAACAAAUGUUUUGUUGGAAUCG,(((((((((((((.((((....))))))((.(((((...............)))))))...)))))))))))....,0.02040816326530612,-17.200000762939453
81,UACCAAUAACCGCUGACCACCGCGGCUUGGUUUGUAAUAUUGAAGCCCUGUUCAAACAAAGGGUAAUUGGUGAGCG,.(((((...((((........)))).)))))..((..((((((.(((((..........)))))..)))))).)).,0.015873015873015872,-18.399999618530273
82,UGUAGUGAAACUUUCACAACCAAGUCUAUAGUUCUACCUUAUGAACCCAACCUGAACAAAAGGUUUGUUGCAAUCG,(((((((((...))))).............((((........))))..(((((.......)))))...))))....,0.02702702702702703,-11.100000381469727
83,ACUAGGGAAGCUUCUACCACCGGGUCAUUGUUUGUAACGUGGUCACCCGAGUAAAACAAAUACUCCCCUGGUAACC,(((((((.((.....(((....)))...(((((((.((.(((....))).))...))))))))).)))))))....,0.022222222222222223,-18.399999618530273
84,GCCGUGUAAUCUGUGACCACCCAGGCGAGUGUUGUAACCGUUUAACCCGUACGAAACAAACGUGCACGCGGUAACC,(((((((...(((........)))(((.((......))))).......(((((.......))))))))))))....,0.1111111111111111,-17.899999618530273
85,AGCAAGGAAGGGCUCACCACCGCCCCUUUGGUACUACCUUGGGAACCCAACGAGAACAAAUCGUUCCUUGUUAUCG,(((((((((((((........))))....(((...)))((((....))))(((.......))))))))))))....,0.03225806451612903,-21.700000762939453
86,ACGUUGUAAUAGCUGACCACCGUUACCGCUUUUCUACCAAGCGAACCCCGAGGGAACAAACCUUGGUGAUGUAACG,....................(((((((((((.......)))))....((((((.......))))))....)))))),0.02127659574468085,-16.799999237060547
87,UGUAGUAAAUUGUUGACCACCGCGGCUUAUUUUGUAAUAAUAGAACCCGUUGUAAACAAAGCGGUUGCUGUGAGCG,..............(..(((.((((((..((((((.(((((.......)))))..)))))).)))))).)))..).,0.014084507042253521,-13.699999809265137
88,UCCUACAAAAUUGUGACCCCCUGGUCGUUCAUUGUAAUUGAACAACCCGGUGCAAACAAAGUAUUUGUAGGGAGCG,(((((((((.((((.....((.(((.(((((.......))))).))).)).....))))....)))))))))....,0.022222222222222223,-22.299999237060547
89,UAGCGUUAAUCGUUGACCACCACGGCGGUGGUUGUAACUUGCCAACCCGGCUUAAACAAAGAGUUGAUGUUAAACC,((((((((((.((((((((((.....)))))))..)))..(((.....)))...........))))))))))....,0.023255813953488372,-20.299999237060547
90,GCCUCACAAUCGUUGACCACCGUGACGGGCUUUGUAAUAGUUUAACCCGUGGGAAACAAAUCUGCGUGAGGUAGCG,(((((((....(((..((((.(.(..(((((.......)))))..)).))))..)))........)))))))....,0.02564102564102564,-18.700000762939453
91,AACGCGGAAUUGCUGACCACCGUAGCUUUGUUUGUAACGUAGGAACCCUCUUUAAACAAAAGGGAUCGCGUUAACC,((((((..........((..(((.((.......)).)))..))....((((((.....))))))..))))))....,0.04,-14.800000190734863
92,CCCUCGCAAAGUUUGACCACCAAUUCAUUGUUUCUAACGCGAUAACCUGACCUACACAAAAGGUUGUGGGGGAGCG,((((((((....(((.....)))...(((((.......))))).((((............))))))))))))....,0.043478260869565216,-14.5
93,GCGGGUAAAUGUGUGACCACCUACGCUACUUUUGUAAUGGGUGAACCCUCGUUAAACAAAAGUGGUGCUUGUAGCG,(((((.....(((....)))...((((((((((((((((((......))))))..)))))))))))))))))....,0.01818181818181818,-20.200000762939453
94,UUGCGAUAAUGCAAUAGCACCUGUGCUGAUGUGUCAACCAUUGAACCCCGAUUAAACAAAGAUCGAUUGUGAAACC,(((((((.(((((.(((((....))))).)))))..............(((((.......))))))))))))....,0.037037037037037035,-11.899999618530273
95,GUCGCGGAAUUGAUGAGCACCUUGACUCGGCUUUCAACGCUGAAACCCGGUGGAAACAAACUGCCUCGUGAUAACC,(((((((.......(((((...)).)))((.(((((....))))).))(((((.......))))))))))))....,0.04,-17.299999237060547
96,UCUUAGUAAGUUAUGAGCACCUAAUCUUUUUUUGUAACGAAAGCACCGGCUUUAAACAAAGAAGUGCUAAGAAACC,((((((((..................(((((((((....(((((....)))))..)))))))))))))))))....,0.022222222222222223,-14.899999618530273
97,AGGAGGUAAAAGGUGACCACCCCUUCGGGUCUUGUAACGGCUUAACCCGGGCGAAACAAACGUCCGUCUUUUAACC,.(((((.....(((....))))))))((((...((....))...))))(((((.......)))))...........,0.02127659574468085,-17.799999237060547
98,GUACGUUAAUGUUUGACCACCAGUGCGCGUUUUGUAAUAAUGUAGCCCGAUUGAAACAAAUGGUUAAUGUGUAGCG,...(((((....(((((((.(((((((((((.......))))).))...)))).......)))))))....))))),0.01694915254237288,-12.300000190734863
99,UCUACUCAAGGGAUGACCAUCUCCUCGGGUUUUGUAAUAGUCCAACCCUGGAGACACAAAUUUCAGAGUGGGACCG,(((((((..(((((.....(((((..(((((............))))).))))).....))))).)))))))....,0.0196078431372549,-22.600000381469727
100,CAGCUCUAUGCUUUGACAAUAAAGUCUAUUGUUCUAACUGGUGAACCCACUGUAUACAUAACGGUAGGGUUGAACC,.(((.....)))..(((((((.....)))))))......(((.((((((((((.......))))).)))))..))),0.02127659574468085,-19.0
101,GAGUUUCAAUUUAUGACCACCUAAGCCAUGGUUGUAACCUAUGAACCCUUGGGAAACAAAUUUGGGAGGCUUAACC,(((((((............((((((.((((((....))).)))....))))))............)))))))....,0.02702702702702703,-14.100000381469727
102,UGGGUACAACUGGUCACCUCCUUGGGCUGACUUCUACCGUCGGAACUCGCGGAGGACAAAUUCGCGUAUUCAAUUG,(((((((.........(((((.(((((((((.......)))))..)))).)))))..........)))))))....,0.02564102564102564,-21.299999237060547
103,UGGAGUAAACGUAUGACCACCUGCGCGCUAAUUGUACCUUAGCAACCCCAUGGGAACAAAUCAUGUGUUCCGAACC,(((.((...((((........)))).(((((.......))))).)).)))(.((((((.......)))))).)...,0.030303030303030304,-13.5
104,AGGCGUGAACUUAUGACCACCUGGGCGUUCUUUGUAACAGAAUAACCCGGAGUAAACAAAGCUUCUAUGCUUAACC,((((((((((((.((...(((((((.(((((.......)))))..))))).))...))))).))).))))))....,0.01694915254237288,-18.299999237060547
105,UAACCUGAAGCUAUGACCAUCUGGCCAGCAAUUGUAAUUUGCUAACCCGAGACAAACAAAGUCUUCGGGUUGACCG,((((((((((((.((....((.((..(((((.......)))))..)).))......)).)).))))))))))....,0.022222222222222223,-22.100000381469727
106,GAUUGGGAAUGCAUGACCACCUGCACGUGUUUUGUAAUAGUAUAACCCGGAGUAAACAAAAUUUCCUUGGUCAGCG,..........((.((((((..((((.......))))............((((..........)))).)))))))).,0.02857142857142857,-11.399999618530273
107,AGAAGGGAACCUGUGACCAGCUAGGCUUGCUUUCUACCGGCGGAACCGUGAAUGAACAAAGUUUGUCCUUUUAUCG,((((((.(((((((.....)).))).)).))))))...((..((((..((......))..))))..))........,0.014925373134328358,-15.300000190734863
108,UCACGAUAAGGGCUGACCACCGCCCCGGCCGUACUACCUGGUUAACCCUUGGCGAACAAAGUCGGAUUGUGGAUCG,((((((((((((.(((((((((...)))..........)))))).)))))(((.......)))..)))))))....,0.02040816326530612,-19.200000762939453
109,UAAUGGUAACAGUUGACCACCGUUGCUUUCCUUGUAACGGAGAAACCCUUCUUAAACAAAAGGGGGCUAUUAAACC,...((((........))))(((((((.......)))))))......(((((((......)))))))..........,0.030303030303030304,-18.399999618530273
110,GCUGCCUAAUGUUUGACCACCGAUGCUUGUCUUCUGCCGAUGGAACCCAAUCUCCACAAAGGAUUGGGUAGCAACG,((((((((((.(((.......(((.....(((((....)).))).....)))......))).))))))))))....,0.023255813953488372,-19.100000381469727
111,CUCGAGUAAGUGGUGAGCACCCCGCCUGGGAUUUCAACUCUCGAACCCAAGGGAAACAAAUUUUUGCUUGAGAACC,((((((((((((.....)))(((...((((..(((.......))))))).)))..........)))))))))....,0.02702702702702703,-19.799999237060547
112,UCUGUUUAACGGUUGACCACCGCCGCUCGUAUUCUGCCUAUGGAACCCGUUUUCCACAAAGAAGUAAGCAGGAACG,((((((((.((((........))))......((((.....(((((......)))))...)))).))))))))....,0.034482758620689655,-14.199999809265137
113,GUUCGAAAAGUGGUGACCACCCUGUCGUGCAUUCUACCUGCGUAACCCUAGGCGAACAAAGUCUGUUCGAGUAUCG,((.(((...((((...))))....))).))......((((........))))((((((.....)))))).......,0.0196078431372549,-16.200000762939453
114,GUGAUAAAAGGGUUGACCACCGCUCCGUUAUUACUACCGUAGUAACCCUGAGUGAAAAAAAUUUGUUGUCGCAUCG,(((((((..(((((......(((((.((((((((....))))))))...))))).....))))).)))))))....,0.018867924528301886,-20.899999618530273
115,UCGUAGGAAUCUUUGACCACCGGGACAGUGCUUGUAACGUGUUAACCCCGGUGAAACAAACGUCGCCUACGAAACC,(((((((...(((((..((((((((((((.......)).)))....)))))))...)))).)...)))))))....,0.0196078431372549,-25.799999237060547
116,UUCAUGCAAUUUCUGACCAGCGAGACUCAUCUUCUACCGGUGGAACCGUGUCUGAACAAAGGACAGCGUGAGAUCG,(((((((.........(((.(((((.......)))..)).))).....(((((.......))))))))))))....,0.05263157894736842,-16.200000762939453
117,CUUUGAUAAGGGCUGACCAUCGUUUCAUUAUUUGUAAUAUGAUAACCCGUUUGAAACAAAUGGAUGUUAAGGACCG,((((((((.((.....))(((((..((.....))....)))))...(((((((...))))))).))))))))....,0.03225806451612903,-13.199999809265137
118,UGCCAAUAAGUGCUGACCACCGCAUCUGAAGUUAUAAUUUUUGAACCCAUAGCAAACAAAGCUGUAUUGGUGAGCG,...........(((.((((..(((.((...(((((.............)))))......)).)))..)))).))).,0.01694915254237288,-13.300000190734863
119,UCGGGCUAAGCAAUGACCACCUUGCAGGUAGUUGUAACUUAUCAACCCCUAUGAAACAAACGUGGAGUCCGGAACC,(((((((..(((((.(((........))).))))).............(((((.......))))))))))))....,0.047619047619047616,-17.100000381469727
120,GUCUUUUAAGCAUUGACCACCGUGCCGUAUAUUGUAACUGUACAACCCCUUAGAAACAAAUUGGGGGGGGGCAAGC,.........((.(((.((.((((((.((........)).))))..(((((............)))))))))))))),0.0196078431372549,-17.299999237060547
121,ACAACCUAAAGUUUGACCACCGGUUCGGGGUUUGUAACAUCCUAACCCUACCCAAACAAUGGGUAGGGUUGUAACC,..........(((.((((.(((...)))))))...)))....((((((((((((.....)))))))))))).....,0.017543859649122806,-27.399999618530273
122,GAUAGCGAACCUGUGACCAGCCAGGCUCUCUUUCUACCAGAGGAACCGUUGAGGAACAAAUUUAGUGCUGUCAUCG,(((((((....(((..(((((..((.(((((.......)))))..)))))).)..))).......)))))))....,0.024390243902439025,-18.0
123,UAUGGCUAAGCUCUGACCACCGGGCCAAUACUUGUAACGUAUUAACCCAAAGGAAACAAAUUUUUAGCCAUGAACC,((((((((((...((.((...(((..(((((.......)))))..)))...))...))....))))))))))....,0.024390243902439025,-18.700000762939453
124,CUCUGAUAAGUUUUGACCACCGAACCUGGGUUUGUAACAUUUAAACCCGGAUUAAGCAAAGAUCUAUCAGGGAACC,((((((((.(((((........((.(((((((((.......))))))))).)).....))))).))))))))....,0.02040816326530612,-21.600000381469727
125,GUCGUGUAAUUGGUGACCACCCUGGCUAGCUUUGUAACGGCUGAACCCGUGUGAAACAAAUGCAUAUGUGGCAACC,(((((...(..(.((.(((...))).)).)..)...)))))....((((((((.........)))))).)).....,0.015873015873015872,-15.100000381469727
126,CUUUCAAAAGGACUGACCAUCGUUUCUGUGAUUGUAAUUUAUAUACCCCGUGUAAACAAAACGCGUUGGAGGACCG,.........((.((..(((.(((....((..((((...((((((.....)))))))))).))))).))).)).)).,0.014492753623188406,-11.399999618530273
127,GUUGAUAUAUAUUUGACAAUCAGUGCUAUUGUUCUAACUGAUAAACCCUCUACAUACAAAGUAGGUGUCAGCAACC,((((((((..........((((((............)))))).......((((.......))))))))))))....,0.043478260869565216,-14.899999618530273
128,GCAACUGAAAAUGUGACCAUCCAUUCAUUUGUUGUAAUCGGGUAACCCGGCUAAAACAAAUGGUCCAGUUGUACCG,(((((((.......((((((........(((((.((.(((((...))))).)).))))))))))))))))))....,0.018867924528301886,-21.600000381469727
129,UCCCGAUAAUUUGUGACCACCCAAGCCUUGUUUGUAACACAGGAACCCAUUUUAAACAAAGGAGUGUUGGGGAACC,((.(((....))).))...(((((..(((.(((((......((...)).......))))).)))..))))).....,0.0136986301369863,-15.199999809265137
130,CUUUCUUAAGACAUGACCACCUGUUCGUGCUUUGUAAUAGCGUAACCCCGGGGAAACAAAUCUCGGGGAAGGAGCG,.......(((.(((((........)))))))).......((....((((((((.......)))))))).....)).,0.0196078431372549,-18.600000381469727
131,CAUCUGUAAGCGUUGACCACCAUGCCUGACGUUGUAACUGUUAAACCCGGAUGAAACAAACGUUCGCGGGUGAACC,(((((((.((((((......(((.(((((((.......))))).....))))).....)))))).)))))))....,0.022222222222222223,-16.700000762939453
132,GUAUGGCAAUCUCUCACCACCGAGGCAGUGGUUGUAACCCAUUAACCCUUGUGAAACAAACAUGGGUUAUGCAACC,.....((..((((........))))..))(((((((......((((((.(((.......))).))))))))))))),0.015384615384615385,-19.0
133,GGGAUUCAAGUUGUGACCACCCAGUCGUCCAUACUACCUGGGUAACCCUUUGGGAACAAAUUGGAGAGUCCCAUCG,(((((((...((((..((((((((.............))))))........))..))))......)))))))....,0.02040816326530612,-22.399999618530273
134,GGAGUGCAAGUGGUGACCACCCUGUCCACAGUUGUACCUUGUGAACCCGGCGUGAACCAAGCGUCGCGUUCCAACC,...((((((.((..(((......)))..)).)))))).(((.((((.((((((.......)))))).)))))))..,0.015384615384615385,-26.399999618530273
135,UUCUCCGAAAACGUGACCACCUGUUCGGUUUUUGUAAUAGAUCAACCCAUGCGAAACAAACGCAUUGGGGGAAGCG,.....(((((((..(((.....)))..)))))))...........((((((((.......)))).)))).......,0.018867924528301886,-17.299999237060547
136,UUCAGUGAAGCGUUGACCACCACGUCCGAGUUUGUAACACUUGAACCCCUUUAAAACAAAUGGAGUAUUGAGAAAC,(((((((...(((((((......)))(((((.......)))))...............))))...)))))))....,0.03225806451612903,-8.899999618530273
137,GUGUGUAAAUUUUUGACCACCGGAGCGGAGCUUGUACCGUUCCAACCCGUAGUGAACAAAACUGCUAUAUGCAACC,(((((((..............(((((((........))))))).....(((((.......))))))))))))....,0.058823529411764705,-19.200000762939453
138,GUGUAAGAAUUUCUGACCACCGGGGCGUUUGUACUACCUAGGUAACCCGGUGCGAACAAUGCGCUUUUGUGCAUCG,.................(((((((((.(..((...))..).))..)))))))......((((((....))))))..,0.01818181818181818,-20.200000762939453
139,GCUAUAUAAUGGUUGACCACCAUUGCGCCGGUUGUAACUUGGCAACCCAUGCUAAACAAAAGUGUGUAUGGCAACC,(((((((((((((.....)))))))....((((((......))))))((((((.......))))))))))))....,0.037037037037037035,-20.700000762939453
140,CUUCGUUAAUAAUUGACCACCGUUACCGGAUUUGUAAUGUCUGAGCCCGGUGCAAACAACGUACUGGCGGGGAGUG,((((((((.((.(((..(((((....(((((.......)))))....)))))....)))..)).))))))))....,0.022222222222222223,-17.0
141,GGUGUUCAAGUUGUGACCACCCGAUCGAUAGUUGUACCCUAUUAACCCUGUGGGAACAAAUCGCGGAGUGCCAACC,.........((((.(..((((((..((((..((((.(((............))).))))))))))).)))))))).,0.012658227848101266,-17.700000762939453
142,GCUGACAAAGUUGUGACCACCCAACCAUACAUUGUAACUGUGUAACCCCUCGUAAACAAAGUGGGUGUCAGCAACC,((((((...((((........))))..(((((.......)))))((((((.........)).))))))))))....,0.06666666666666667,-18.399999618530273
143,GUUCGUAAAUGUAUGACCACCUAUGCUUUGUUUGUACCGUGAGAACCCACCGUGAACAAAGCGGUUGUGAGCAACC,(.(((((....))))).)......(((((((((..((.(((......))).)))))))))))(((((....))))),0.015873015873015872,-19.600000381469727
144,CGCGCACAAGGUGUGACCACCCGUUCUUUGUUUGUAACGUGGGAACCCCAAUGAAACAAACGUUGGUGCGUGAACC,(((((((..((((....))))........((((((..((((((...))).)))..))))))....)))))))....,0.02564102564102564,-23.899999618530273
145,AUGAAAAAAUGCGUUACUAUCUGCACGGGGCUUGUAAUGUUUUAACCCUAGUUAAACAAAGACUAUUUUUGUACCG,..........(((((((...((......))...))))))).(((((....)))))(((((((...)))))))....,0.018867924528301886,-9.899999618530273
146,UGUCGCGAACCCAUUACCACCUGGGCGUGCGUUGUAACUGUAUAACCCUCAGGAAACAAACCUGAUGUGGUAAACC,...((((..((((........))))..)))).............(((((((((.......))))).).))).....,0.02040816326530612,-18.399999618530273
147,GGCCGGAAAGGGAUUACAGUCUCUUCCCUUACUCUACUUGAGGAUUUAGCAGGAAACAAACUUGUUCUGGUCAGAG,(((((((((((((...........)))))).(((.....)))......(((((.......))))))))))))....,0.058823529411764705,-21.899999618530273
148,GAGGGCAAAGUAGUGACCACCCUGUCCCGCAUUGUACCUGCGGAACCCCGGUGGAACAAAUGUCGUGUUCUCAACC,(((((((......((.(((((..((.(((((.......))))).))...)))))..)).......)))))))....,0.02564102564102564,-24.200000762939453
149,UUAGUGUAACCGUUGACCACCAUGGCCAAUAUUGUAACUAUUGAACCCUAGGCAAACAAAGCUUAGCAUUAGAACC,.((((......((((.(((...))).))))......)))).......((((((.......))))))..........,0.01818181818181818,-11.899999618530273
150,AUACUCUAAUCCGUGACCACCUGGACAUUAUUUCUGCCAUGGUAACCCUUUCUCCACAAAGGAGAGGAGUGUAACG,(((((((.....((.((((..(((.((.......))))))))).))....(((((.....))))))))))))....,0.037037037037037035,-18.399999618530273
151,GGCUGGCAAUGUUUGAGCACCAGCGCCCGUAUUUCCACUGCGGAACCCACGCCAAACAAAGGCGUGUCAGUUAACC,.(((((...(((....))))))))..(((((.......)))))(((.((((((.......))))))...)))....,0.024390243902439025,-23.299999237060547
152,GGGUUUCAUGGUGUGACCACCUGUUAUGGCUUUCUACCAGCCGAAGCCGGUGCGAACAAAGUACCGGAGUCUAUCG,.(((....(((((.((...((......))...))))))))))((..(((((((.......)))))))..)).....,0.015873015873015872,-24.0
153,GUUGGGUAAAGUGUGACCACCCGUUCGUAGGUUGUACCCUUGUAACCCGACCUGAACAAAAGGUUAUUCGGCAACC,((((......(.((((((....((((..(((((((((....)))...))))))))))....)))))).)..)))).,0.015384615384615385,-17.0
154,CAGCCCGAAUUCAUGACCACCUGGACCUUCCUUGUAAUGGGAGAACCCGGAGGAAACAAAUCUCUCGGGUUGAGCG,((((((((.....((.((.((.((..(((((.......)))))..)).)).))...))......))))))))....,0.02564102564102564,-24.5
155,GUGAAACAAAUUGUGACCACCCGGUCAGUAGUUGUACCUUACUAACCCGGCUAGAACAAAUGGCCGUUUCAUAACC,(((((((......(((((....))))).((((........))))....(((((.......))))))))))))....,0.06666666666666667,-19.899999618530273
156,AGUUCACAAUCUUUGACCACCGAGACUUCGGUUGUAAUUUGGGAACCCAGAAAAAACAAAUUUCUGUGGGCUAGCG,((((((((...((((((.(((((....))))).))..(((((....))))).....))))....))))))))....,0.024390243902439025,-17.799999237060547
157,AGUGAAGAACGUUCGACCACCGGUGCUUGCAUUCUCACUGCGAAACCCUCUAGAAAUAAAUUAGGUUUUACUCGCG,(((((.(((.((...(((...)))....)).))))))))((((((((................))))....)))).,0.012987012987012988,-15.0
158,UAGUUAUAAAUUUUGACCACCAGAUAUUGUGUUGUAACUGUGGAACCCGUCUUAAACAAAAAGAUAUAGCUGAACC,((((((((..((((..((((.((.(((......))).))))))...............))))..))))))))....,0.02127659574468085,-10.600000381469727
159,UCCUUUGAAUUUUUGACCACCGAAGCAACCUUUGUAACGGGUUAACCCGAGUAAAACAAAUGUUUUGGGGGGAACC,................((.((((((((...(((((..((((....))))......)))))))))))))))......,0.014084507042253521,-17.5
160,UUCUUAUAAUCUGUGACCACCUGGACAACGGUUGUAACCCGUUAACCCAAACGAAACAAAUGUUUGUAAGAGAACC,(((((((((.((((........((..(((((.......)))))..))........)))...).)))))))))....,0.02702702702702703,-13.0
161,UUGUGUAAAAAUGUGACCACCCAUUCACGAAUUGUAAUUUCGUAACCCGUGUGAAACAAAUAUACUGCGUGAAGCG,..(((((....(((..((((......(((((.......))))).....))).)..)))..))))).((.....)).,0.02040816326530612,-10.199999809265137
162,AGUGGUUAAGUUCUGACCACCGAGCCGAGGCUUGUAACGUUUUAAUCCGUAUCAAACAAAGAUGCAACCGCUAACC,.(((((((.....)))))))(((((....)))))..............(((((.......)))))...........,0.022222222222222223,-17.600000381469727
163,GGGCCUCAAUAGGUGACCAUCUCUGCCCCCUUUGUAAUGGGGGAACCCCUUAUAAACAAAAUGAGGAGGUUUACCG,((((((....))))..)).......(((((........)))))((((((((((.......)))))).)))).....,0.0196078431372549,-24.5
164,CUGAGGGAAAAAGUGACCACCCUUUCCAACAUUGUAACUGUUGAACCCAUAGCAAACAAAGCUGUCUUUUAGAACC,..(((((............)))))..(((((.......))))).....(((((.......)))))...........,0.034482758620689655,-11.0
165,GUUGUCGAAUGUGUGACCACCUAUACGAUGGUUGUAACCCAUUAACCCGCAGGAAACAAUCUUGUUGGUGAUAACC,((((((.((((.((.((.(((........))).)).)).)))).(((.((((((.....)))))).))))))))).,0.02040816326530612,-20.299999237060547
166,UUGGUGGAAGUGGUGACCACCCUGCCGAUGUUUGUAACGUGUCAACCCAUAUUAAACAAAGGUGUCCGUCGAAACC,((((((((.((((...))))...(((..((((((....(((......)))..))))))..))).))))))))....,0.02040816326530612,-14.5
167,CGCGGAUAAUUUGUGACCACCUAGGCGAGUCUUGUAACGGUUUAACCCAUUUGAAACAAACGAGUGUUCGCGAACC,((((((((.(((((((((.(....).).))).......(((...)))............)))))))))))))....,0.023255813953488372,-14.300000190734863
168,CGUGGCAAACUGGUGACCACCCUGGCAUAAGUUGUAAUUUUGUAACCCUGUCAAAACAAAUGACGUGUUAUGAGCG,....((((.((.(((.(((...)))))).))))))...((((((((..(((((.......))))).))))))))..,0.015873015873015872,-14.300000190734863
169,GAGAACAAUGUUGUGACAAUAUAGUCUAUUAUUCUAACUGGUAAACCCACCUAAUACAUAUGGGUUGUUUUUAACC,.((((.((((....(((......))))))).))))........((((((...........))))))..........,0.017543859649122806,-9.600000381469727
170,CCUGGCUAAUCGUUGACCACCGUGACAGGAGUUGUAACCUCCUAACCCGCGAUAAACAAAAUCGUAGCCAGGAACC,((((((((....(((.....((((..(((((.......)))))....)))).....))).....))))))))....,0.02702702702702703,-23.700000762939453
171,UGUUGGUAAUCUGUGACCACCUGGGCAGAUUUUCUACCAGUCUAACCCACAUUGAACAAAGAUGUAUUAGUGAUCG,..((((((((((((..((....))))))))....)))))).........(((((((((....))).))))))....,0.017543859649122806,-14.699999809265137
172,GUCGGGAAAGUGGUGACCAUCUUGCCCGUCGUUGUAAUUGAUGUACCCCUUGCAAACAAAGUGGGUUUCGGCACCG,(.((((.((((((...))).))).)))).)(.(((...(((...(((((((.......))).)))).)))))).).,0.014925373134328358,-19.100000381469727
173,UUAAGGGAAGCCGUGACCACCUGGCCGUUCAUUGUAACUGGGUAACCCUCAUGAAACAAAUGUGGUUUUUGGAACC,....((....(((.((((((.......(((((.......(((...)))..)))))......))))))..)))..)),0.01639344262295082,-13.800000190734863
174,GUUGAAGAAGUGCUGCCCACCGUAUCCGUUGUACUACCUGAUGAACCCUGACGGAACAAAUGUUGCUUUAACAUCG,(((((((..(((.....))).((.((((((((.(........).))...))))))))........)))))))....,0.02564102564102564,-11.399999618530273
175,GUCAUAGAAGAUGUGACCACCUGUCCUGCUAUACUACCUAGCAAACCCAUCUCGAACAAAGAGGUCUAUGGUAUCG,((((((.....)))))).........(((((.......))))).(((.(((((.......)))))....)))....,0.022222222222222223,-14.300000190734863
176,GUGGUAUAAGUUGUGACCACCCAGCCGAAUGUUGUAACCGUUUAACCCUGGUAAAACAAAUGUCAAUGCUGUAACC,(((((..........))))).((((.((...((((.((((........))))...))))...))...)))).....,0.01639344262295082,-14.699999809265137
177,GUGUUCCAAGGGUUGACCAACGCUCCGGGUAUUCUACCUACCCAACCCAUGGUCCACAAAGUUGUGGAAUAUAACG,.....(((.(((((............(((((.......)))))))))).)))((((((....))))))........,0.01694915254237288,-20.700000762939453
178,AGUAGGGAAUGGCUGACCACCGUUGCCGUUGUACUACCUGACGAACCCCGAUGGAACAAACAUUGUUUUAUUAUCG,.((((..((((((.(((....)))))))))...))))............((((((((((...))))))))))....,0.01639344262295082,-17.899999618530273
179,UGUCCAUAAAGUUUGACCCCAAGCUCGUUUAUUCUACCUGGAUAACCCAGUACCACCAAAGUGUUAUGGGUGAUCG,((((((...((((((....)))))).............))))))(((((..((.((....))))..))))).....,0.017543859649122806,-16.100000381469727
180,GGUAUUGAAUACUUGACCACCGGUACGUCAUUUGUAAUAUGGUAACCCGGAUGAAACAAAUAUUCCGAUGUUAGCG,..(((((((((.(((..((((((....((((.......))))....)))).))...))).)))).)))))......,0.01818181818181818,-11.399999618530273
181,UAGGGCCAAUUCAUGACUAUCUGAACGGCUGUUGUAAUCGGUUAACCCCGAAGAAACAAAUUUUGGGUUUUAAGCG,.(.((((..((((........)))).)))).)......((.((((.(((((((.......)))))))..)))).)),0.017543859649122806,-15.300000190734863
182,UUGUCAUAAUCUGUGUCCAUCUAGGCGGUGUUUGUAAUGUGUUAACCCGGCACAAACAAAGUGCUAUGAUGGACCG,............(.(((((((..((((...(((((..((((((.....)))))).))))).))))..)))))))).,0.014084507042253521,-22.700000762939453
183,GUCGGACAAUUCCUGACCACCGGAGCGGACUUACUACCGGUCCAACCCGUUCCGAACAAAGGAGUGUUUGGUAUCG,.(((((((.(((((......((((((((....(((...))).....)))))))).....)))))))))))).....,0.017543859649122806,-23.799999237060547
184,GAGAGUUAAAGGUUGACCAUCAUCUCUUGAGUUGUAAUUUCGGAACCCUUUGGAAACAAAUUAAGAGCUCUUACCG,((..(((((...)))))..))..(((((((.((((..(((((((....))))))))))).))))))).........,0.0136986301369863,-14.5
185,GCAAGCAAAGGUGUGACCACCUAUCCUUCAUUUGUAAUAUGGAAACCCGCUAUAAACAAAGUAGCUGCUUGUAGCG,(((((((.(((((....)))))....(((((.......))))).....(((((.......))))))))))))....,0.09090909090909091,-19.200000762939453
186,UUUAAAUACGACUUGACCACCGGUUCUCCGAUACUACCUCGGAAACCCGUAGUGAACAAAAUUGUGUUUAAGAUCG,(((((((((((.(((..((((((...(((((.......)))))...)))..)))..)))..)))))))))))....,0.018867924528301886,-19.600000381469727
187,UGGCGUUAACUUCUGACCACCGGGGCCGGAAUUGUACCUUUUGAACCCCAAUUGAACAAAGAUUGAAUGUCAAACC,(((((((....(((...((..((((...(((........)))...))))...)).....)))...)))))))....,0.023255813953488372,-13.600000381469727
188,GGGUUGGAAACAGUGACCACCCUGUCUAGUGUUGUAACUGCUGAACCCCGCGGAAACAAACUGCGCUGGCUCAACC,((((.((.........))))))((.((((((((((..((((........))))..)))....)))))))..))...,0.014925373134328358,-19.399999618530273
189,CCGUUGGAGUUGUUGCCAAUCGUGACUCUAGUUCUAACUUAGAUACCCUGUUGAUACACAUAGCAUUAGUGGAACC,....(((((((...((.....)))))))))((((((.((.........(((....))).........)))))))).,0.014925373134328358,-11.100000381469727
190,UGCUAGAAAACAGUGACCAUCCUGUCUAGGCUUGUAAUGCCUGAACCCGUCGCCAACAAAGCGGUUUUGGUGACCG,.........((((.((...)))))).(((((.......))))).....((((((((..........))))))))..,0.024390243902439025,-18.600000381469727
191,GGCAGUGAAGUGCUGACCACCGCGUCAACGGUACUACCCCGUUAACCCGUUUCGAACAAAGAAGCUGCUGUUCUCG,((((((.....)))).))..((.((.(((((.......))))).)).))....(((((.((...))..)))))...,0.023255813953488372,-16.0
192,UUUAAUAAACUAUUGACCACCGUAGCAUGGAUUGUAAUUUUGUAACCCGUAUGAAACAAAUGUAUUGUUAGGAGCG,....................(.(((((((.(((....(((((((.....)))))))..))).)).))))).)....,0.014492753623188406,-6.900000095367432
193,GUUAGGUAAACGGUGACCACCUCGUCCCAAGUUGUAACUUUGGAACCCGUAGGAAACAAAUCUACAUCUGACAACC,(((((((....(((.....((((((((.((((....)))).)))...)).)))......)))...)))))))....,0.02127659574468085,-14.800000190734863
194,GGAGGCUAACGCGAGACCACCCGCGCGGCUUUUGUACCGGGUCAACCCCUACUGAACAAAGGUGGAGUUUCUAACC,(((((((..((((........))))(.((((((((...(((.....)))......)))))))).))))))))....,0.023255813953488372,-20.700000762939453
195,GGGAAGGAAGUGAUGACCACCUCGCCGUUCGUACUACCCGAAUAACCCCUGUCGAACAAAGACGGCCUUUUUAUCG,((..(((..((....))..)))..))(((((.......))))).....(((((.......)))))...........,0.030303030303030304,-14.699999809265137
196,UUUGAGUAAAAUUUGACCAUCGAUUCGGUGAUUGUAAUUCGCCAACCCGCUAGAAACAAAUUAGUGUUCAGGACCG,((((((((.((((((.....((....(((((.......)))))....)).......))))))..))))))))....,0.02564102564102564,-9.399999618530273
197,UAGUUGGAAACGUUGACCAUCGUGUCGACAGUUGUAAUCUGUUAACCCUCCUUAAACAAAGAGGAUUGAUUAACUG,..((((.((..((((((......))))))..)).))))..((((((..(((((.......)))))..).)))))..,0.01694915254237288,-14.800000190734863
198,AUCUCUUAAGUCGUGACCACCCGAUCGGAUAUUGUAAUUGUCUAACCCGCUGGAAACAAACUAGCAGGAGAUAGCG,(((((((..((((........)))).(((((.......))))).....(((((.......))))))))))))....,1.0,-15.0
199,UCUGCCGAAAGAAUGACCACCUUUUCGGCUUUUGUAACAGGCUAACCCCCUUUAAACAAAGAGGGCGGUGGAAACC,...((((((((..........))))))))...............(((((((((......)))))).))).......,0.0196078431372549,-20.399999618530273
